earth_days,planet,distance_km,distance_million_km,avg_speed_kms,inst_speed_kms,orbit_fraction,orbit_count,angle_deg,sun_dist_au
1,mercury,3358244.0,3.358,38.869,38.860,0.011368,0.011368,2.756,0.466688
1,venus,3038565.6,3.039,35.169,35.166,0.004450,0.004450,1.616,0.720338
1,earth,2616741.1,2.617,30.286,30.286,0.002738,0.002738,1.019,0.983296
1,mars,2274360.7,2.274,26.324,26.319,0.001456,0.001456,0.626,1.391612
1,jupiter,1180993.1,1.181,13.669,13.669,0.000231,0.000231,0.091,4.967212
1,saturn,868040.9,0.868,10.047,10.047,0.000093,0.000093,0.036,9.181208
1,uranus,567097.2,0.567,6.564,6.564,0.000033,0.000033,0.011,19.936564
1,neptune,469182.9,0.469,5.430,5.430,0.000017,0.000017,0.006,30.177092
30,mercury,110684914.7,110.685,42.703,50.712,0.341029,0.341029,98.026,0.364817
30,venus,90930233.4,90.930,35.081,34.984,0.133511,0.133511,48.229,0.724087
30,earth,78457320.6,78.457,30.269,30.229,0.082134,0.082134,30.541,0.985182
30,mars,67809092.4,67.809,26.161,25.964,0.043669,0.043669,18.521,1.412174
30,jupiter,35415648.9,35.416,13.663,13.658,0.006924,0.006924,2.729,4.971439
30,saturn,26050233.9,26.050,10.050,10.054,0.002788,0.002788,1.086,9.174631
30,uranus,17011586.1,17.012,6.563,6.563,0.000978,0.000978,0.327,19.939559
30,neptune,14075672.2,14.076,5.430,5.431,0.000498,0.000498,0.179,30.176299
365,mercury,1484668949.4,1484.669,47.079,40.919,0.149184,4.149184,1477.103,0.447352
365,venus,1103102325.1,1103.102,34.979,35.041,0.624382,1.624382,583.403,0.722921
365,earth,939214707.8,939.215,29.782,30.286,0.999298,0.999298,359.739,0.983310
365,mars,741478322.4,741.478,23.512,22.217,0.531311,0.531311,182.332,1.649173
365,jupiter,428086213.7,428.086,13.575,13.455,0.084245,0.084245,32.758,5.049195
365,saturn,318118069.7,318.118,10.087,10.125,0.033924,0.033924,13.318,9.107467
365,uranus,206793909.8,206.794,6.557,6.551,0.011895,0.011895,3.968,19.972388
365,neptune,171280138.2,171.280,5.431,5.432,0.006064,0.006064,2.174,30.167098
